{
  "version": 1,
  "author": "Ana Rúbia de Almeida",
  "editor": "wokwi",
  "parts": [
    { "type": "board-esp32-devkit-c-v4", "id": "esp", "top": 19.2, "left": 43.24, "attrs": {} },
    {
      "type": "wokwi-led",
      "id": "led1",
      "top": -13.2,
      "left": -15.4,
      "attrs": { "color": "red" }
    },
    {
      "type": "wokwi-resistor",
      "id": "r1",
      "top": 42.35,
      "left": -76.8,
      "attrs": { "value": "220" }
    },
    {
      "type": "wokwi-pushbutton-6mm",
      "id": "btn1",
      "top": 199.4,
      "left": -48,
      "attrs": { "color": "green" }
    },
    {
      "type": "wokwi-led",
      "id": "led2",
      "top": 6,
      "left": 253.4,
      "attrs": { "color": "limegreen" }
    },
    {
      "type": "wokwi-resistor",
      "id": "r2",
      "top": 42.65,
      "left": 181,
      "rotate": 180,
      "attrs": { "value": "220" }
    }
  ],
  "connections": [
    [ "esp:TX", "$serialMonitor:RX", "", [] ],
    [ "esp:RX", "$serialMonitor:TX", "", [] ],
    [ "r1:2", "led1:C", "black", [ "v0" ] ],
    [ "esp:26", "led1:A", "red", [ "h-38.25", "v-105.6" ] ],
    [ "r1:1", "esp:GND.1", "black", [ "v0" ] ],
    [ "led2:C", "r2:1", "black", [ "v0" ] ],
    [ "esp:GND.2", "r2:2", "black", [ "v0" ] ],
    [ "esp:22", "led2:A", "red", [ "h0" ] ],
    [ "esp:5V", "btn1:2.r", "red", [ "h-57.45" ] ],
    [ "btn1:1.r", "esp:32", "green", [ "v0" ] ]
  ],
  "dependencies": {}
}